<?xml version="1.0" encoding="UTF-8"?>
<GenRun Id="impl_1" LaunchPart="xc7a200tfbg676-1" LaunchTime="1725953112">
  <File Type="BITSTR-BMM" Name="scroller_bd.bmm"/>
  <File Type="ROUTE-PWR" Name="scroller_power_routed.rpt"/>
  <File Type="PA-TCL" Name="scroller.tcl"/>
  <File Type="OPT-DCP" Name="scroller_opt.dcp"/>
  <File Type="ROUTE-PWR-SUM" Name="scroller_power_summary_routed.pb"/>
  <File Type="REPORTS-TCL" Name="scroller_reports.tcl"/>
  <File Type="OPT-DRC" Name="scroller_drc_opted.rpt"/>
  <File Type="OPT-HWDEF" Name="scroller.hwdef"/>
  <File Type="PWROPT-DCP" Name="scroller_pwropt.dcp"/>
  <File Type="PLACE-DCP" Name="scroller_placed.dcp"/>
  <File Type="PLACE-IO" Name="scroller_io_placed.rpt"/>
  <File Type="PLACE-UTIL" Name="scroller_utilization_placed.rpt"/>
  <File Type="PLACE-UTIL-PB" Name="scroller_utilization_placed.pb"/>
  <File Type="PLACE-CTRL" Name="scroller_control_sets_placed.rpt"/>
  <File Type="PLACE-PRE-SIMILARITY" Name="scroller_incremental_reuse_pre_placed.rpt"/>
  <File Type="POSTPLACE-PWROPT-DCP" Name="scroller_postplace_pwropt.dcp"/>
  <File Type="BG-BIN" Name="scroller.bin"/>
  <File Type="PHYSOPT-DCP" Name="scroller_physopt.dcp"/>
  <File Type="BITSTR-MSK" Name="scroller.msk"/>
  <File Type="ROUTE-ERROR-DCP" Name="scroller_routed_error.dcp"/>
  <File Type="ROUTE-DCP" Name="scroller_routed.dcp"/>
  <File Type="ROUTE-BLACKBOX-DCP" Name="scroller_routed_bb.dcp"/>
  <File Type="ROUTE-DRC" Name="scroller_drc_routed.rpt"/>
  <File Type="ROUTE-DRC-PB" Name="scroller_drc_routed.pb"/>
  <File Type="BITSTR-LTX" Name="scroller.ltx"/>
  <File Type="ROUTE-DRC-RPX" Name="scroller_drc_routed.rpx"/>
  <File Type="BITSTR-MMI" Name="scroller.mmi"/>
  <File Type="ROUTE-METHODOLOGY-DRC" Name="scroller_methodology_drc_routed.rpt"/>
  <File Type="ROUTE-METHODOLOGY-DRC-RPX" Name="scroller_methodology_drc_routed.rpx"/>
  <File Type="BITSTR-SYSDEF" Name="scroller.sysdef"/>
  <File Type="ROUTE-METHODOLOGY-DRC-PB" Name="scroller_methodology_drc_routed.pb"/>
  <File Type="ROUTE-PWR-RPX" Name="scroller_power_routed.rpx"/>
  <File Type="ROUTE-STATUS" Name="scroller_route_status.rpt"/>
  <File Type="ROUTE-STATUS-PB" Name="scroller_route_status.pb"/>
  <File Type="ROUTE-TIMINGSUMMARY" Name="scroller_timing_summary_routed.rpt"/>
  <File Type="ROUTE-TIMING-PB" Name="scroller_timing_summary_routed.pb"/>
  <File Type="ROUTE-TIMING-RPX" Name="scroller_timing_summary_routed.rpx"/>
  <File Type="RDI-RDI" Name="scroller.vdi"/>
  <File Type="ROUTE-CLK" Name="scroller_clock_utilization_routed.rpt"/>
  <File Type="ROUTE-BUS-SKEW" Name="scroller_bus_skew_routed.rpt"/>
  <File Type="ROUTE-BUS-SKEW-PB" Name="scroller_bus_skew_routed.pb"/>
  <File Type="ROUTE-BUS-SKEW-RPX" Name="scroller_bus_skew_routed.rpx"/>
  <File Type="POSTROUTE-PHYSOPT-DCP" Name="scroller_postroute_physopt.dcp"/>
  <File Type="POSTROUTE-PHYSOPT-BLACKBOX-DCP" Name="scroller_postroute_physopt_bb.dcp"/>
  <File Type="BG-BIT" Name="scroller.bit"/>
  <File Type="BITSTR-RBT" Name="scroller.rbt"/>
  <File Type="BITSTR-NKY" Name="scroller.nky"/>
  <File Type="PDI-FILE" Name="scroller.pdi"/>
  <File Type="RCFI_FILE" Name="scroller.rcfi"/>
  <File Type="WBT-USG" Name="usage_statistics_webtalk.html"/>
  <File Type="CFI_FILE" Name="scroller.cfi"/>
  <File Type="RNPI_FILE" Name="scroller.rnpi"/>
  <File Type="NPI_FILE" Name="scroller.npi"/>
  <File Type="RBD_FILE" Name="scroller.rbd"/>
  <File Type="BG-BGN" Name="scroller.bgn"/>
  <File Type="BG-DRC" Name="scroller.drc"/>
  <FileSet Name="sources" Type="DesignSrcs" RelSrcDir="$PSRCDIR/sources_1">
    <Filter Type="Srcs"/>
    <File Path="C:/Users/lenovo/Downloads/exp1-5/dc_env/exp1/scroller.v">
      <FileInfo>
        <Attr Name="UsedIn" Val="synthesis"/>
        <Attr Name="UsedIn" Val="implementation"/>
        <Attr Name="UsedIn" Val="simulation"/>
      </FileInfo>
    </File>
    <Config>
      <Option Name="DesignMode" Val="RTL"/>
      <Option Name="TopModule" Val="scroller"/>
      <Option Name="TopAutoSet" Val="TRUE"/>
    </Config>
  </FileSet>
  <FileSet Name="constrs_in" Type="Constrs" RelSrcDir="$PSRCDIR/constrs_1">
    <Filter Type="Constrs"/>
    <File Path="C:/Users/lenovo/Downloads/exp1-5/dc_env/exp1/scroller.xdc">
      <FileInfo>
        <Attr Name="UsedIn" Val="synthesis"/>
        <Attr Name="UsedIn" Val="implementation"/>
      </FileInfo>
    </File>
    <Config>
      <Option Name="ConstrsType" Val="XDC"/>
    </Config>
  </FileSet>
  <FileSet Name="utils" Type="Utils" RelSrcDir="$PSRCDIR/utils_1">
    <Filter Type="Utils"/>
    <Config>
      <Option Name="TopAutoSet" Val="TRUE"/>
    </Config>
  </FileSet>
  <Strategy Version="1" Minor="2">
    <StratHandle Name="Vivado Implementation Defaults" Flow="Vivado Implementation 2019"/>
    <Step Id="init_design"/>
    <Step Id="opt_design"/>
    <Step Id="power_opt_design"/>
    <Step Id="place_design"/>
    <Step Id="post_place_power_opt_design"/>
    <Step Id="phys_opt_design" EnableStepBool="1"/>
    <Step Id="route_design"/>
    <Step Id="post_route_phys_opt_design"/>
    <Step Id="write_bitstream"/>
  </Strategy>
</GenRun>
