<?xml version="1.0" encoding="UTF-8"?>
<GenRun Id="impl_1" LaunchPart="xc7a200tfbg676-1" LaunchTime="1726102832">
  <File Type="ROUTE-PWR" Name="regfile_power_routed.rpt"/>
  <File Type="PA-TCL" Name="regfile.tcl"/>
  <File Type="BITSTR-BMM" Name="regfile_bd.bmm"/>
  <File Type="ROUTE-PWR-SUM" Name="regfile_power_summary_routed.pb"/>
  <File Type="REPORTS-TCL" Name="regfile_reports.tcl"/>
  <File Type="OPT-DCP" Name="regfile_opt.dcp"/>
  <File Type="OPT-DRC" Name="regfile_drc_opted.rpt"/>
  <File Type="OPT-HWDEF" Name="regfile.hwdef"/>
  <File Type="PWROPT-DCP" Name="regfile_pwropt.dcp"/>
  <File Type="PLACE-DCP" Name="regfile_placed.dcp"/>
  <File Type="PLACE-IO" Name="regfile_io_placed.rpt"/>
  <File Type="PLACE-UTIL" Name="regfile_utilization_placed.rpt"/>
  <File Type="PLACE-UTIL-PB" Name="regfile_utilization_placed.pb"/>
  <File Type="PLACE-CTRL" Name="regfile_control_sets_placed.rpt"/>
  <File Type="PLACE-PRE-SIMILARITY" Name="regfile_incremental_reuse_pre_placed.rpt"/>
  <File Type="POSTPLACE-PWROPT-DCP" Name="regfile_postplace_pwropt.dcp"/>
  <File Type="BG-BIN" Name="regfile.bin"/>
  <File Type="PHYSOPT-DCP" Name="regfile_physopt.dcp"/>
  <File Type="BITSTR-MSK" Name="regfile.msk"/>
  <File Type="ROUTE-ERROR-DCP" Name="regfile_routed_error.dcp"/>
  <File Type="ROUTE-DCP" Name="regfile_routed.dcp"/>
  <File Type="ROUTE-BLACKBOX-DCP" Name="regfile_routed_bb.dcp"/>
  <File Type="ROUTE-DRC" Name="regfile_drc_routed.rpt"/>
  <File Type="ROUTE-DRC-PB" Name="regfile_drc_routed.pb"/>
  <File Type="ROUTE-DRC-RPX" Name="regfile_drc_routed.rpx"/>
  <File Type="ROUTE-METHODOLOGY-DRC" Name="regfile_methodology_drc_routed.rpt"/>
  <File Type="BITSTR-MMI" Name="regfile.mmi"/>
  <File Type="ROUTE-METHODOLOGY-DRC-RPX" Name="regfile_methodology_drc_routed.rpx"/>
  <File Type="ROUTE-METHODOLOGY-DRC-PB" Name="regfile_methodology_drc_routed.pb"/>
  <File Type="ROUTE-PWR-RPX" Name="regfile_power_routed.rpx"/>
  <File Type="ROUTE-STATUS" Name="regfile_route_status.rpt"/>
  <File Type="ROUTE-STATUS-PB" Name="regfile_route_status.pb"/>
  <File Type="ROUTE-TIMINGSUMMARY" Name="regfile_timing_summary_routed.rpt"/>
  <File Type="ROUTE-TIMING-PB" Name="regfile_timing_summary_routed.pb"/>
  <File Type="ROUTE-TIMING-RPX" Name="regfile_timing_summary_routed.rpx"/>
  <File Type="ROUTE-CLK" Name="regfile_clock_utilization_routed.rpt"/>
  <File Type="ROUTE-BUS-SKEW" Name="regfile_bus_skew_routed.rpt"/>
  <File Type="ROUTE-BUS-SKEW-PB" Name="regfile_bus_skew_routed.pb"/>
  <File Type="ROUTE-BUS-SKEW-RPX" Name="regfile_bus_skew_routed.rpx"/>
  <File Type="POSTROUTE-PHYSOPT-DCP" Name="regfile_postroute_physopt.dcp"/>
  <File Type="POSTROUTE-PHYSOPT-BLACKBOX-DCP" Name="regfile_postroute_physopt_bb.dcp"/>
  <File Type="BG-BIT" Name="regfile.bit"/>
  <File Type="BITSTR-RBT" Name="regfile.rbt"/>
  <File Type="BITSTR-NKY" Name="regfile.nky"/>
  <File Type="PDI-FILE" Name="regfile.pdi"/>
  <File Type="RCFI_FILE" Name="regfile.rcfi"/>
  <File Type="CFI_FILE" Name="regfile.cfi"/>
  <File Type="RNPI_FILE" Name="regfile.rnpi"/>
  <File Type="NPI_FILE" Name="regfile.npi"/>
  <File Type="RBD_FILE" Name="regfile.rbd"/>
  <File Type="BITSTR-LTX" Name="regfile.ltx"/>
  <File Type="BITSTR-SYSDEF" Name="regfile.sysdef"/>
  <File Type="BG-BGN" Name="regfile.bgn"/>
  <File Type="BG-DRC" Name="regfile.drc"/>
  <File Type="RDI-RDI" Name="regfile.vdi"/>
  <File Type="WBT-USG" Name="usage_statistics_webtalk.html"/>
  <FileSet Name="sources" Type="DesignSrcs" RelSrcDir="$PSRCDIR/sources_1">
    <Filter Type="Srcs"/>
    <File Path="C:/Users/lenovo/Downloads/exp1-5/dc_env/exp2/regfile.v">
      <FileInfo>
        <Attr Name="UsedIn" Val="synthesis"/>
        <Attr Name="UsedIn" Val="implementation"/>
        <Attr Name="UsedIn" Val="simulation"/>
      </FileInfo>
    </File>
    <Config>
      <Option Name="DesignMode" Val="RTL"/>
      <Option Name="TopModule" Val="regfile"/>
      <Option Name="TopAutoSet" Val="TRUE"/>
    </Config>
  </FileSet>
  <FileSet Name="constrs_in" Type="Constrs" RelSrcDir="$PSRCDIR/constrs_1">
    <Filter Type="Constrs"/>
    <File Path="$PSRCDIR/constrs_1/new/IO.xdc">
      <FileInfo>
        <Attr Name="UsedIn" Val="synthesis"/>
        <Attr Name="UsedIn" Val="implementation"/>
      </FileInfo>
    </File>
    <Config>
      <Option Name="TargetConstrsFile" Val="$PSRCDIR/constrs_1/new/IO.xdc"/>
      <Option Name="ConstrsType" Val="XDC"/>
    </Config>
  </FileSet>
  <FileSet Name="utils" Type="Utils" RelSrcDir="$PSRCDIR/utils_1">
    <Filter Type="Utils"/>
    <Config>
      <Option Name="TopAutoSet" Val="TRUE"/>
    </Config>
  </FileSet>
  <Strategy Version="1" Minor="2">
    <StratHandle Name="Vivado Implementation Defaults" Flow="Vivado Implementation 2019"/>
    <Step Id="init_design"/>
    <Step Id="opt_design"/>
    <Step Id="power_opt_design"/>
    <Step Id="place_design"/>
    <Step Id="post_place_power_opt_design"/>
    <Step Id="phys_opt_design" EnableStepBool="1"/>
    <Step Id="route_design"/>
    <Step Id="post_route_phys_opt_design"/>
    <Step Id="write_bitstream"/>
    <Step Id="write_device_image"/>
  </Strategy>
</GenRun>
